{
    "name": "root",
    "gauges": {
        "PushBlockCollab.Policy.Entropy.mean": {
            "value": 1.9370489120483398,
            "min": 1.9370489120483398,
            "max": 1.9370489120483398,
            "count": 1
        },
        "PushBlockCollab.Policy.Entropy.sum": {
            "value": 124962.8984375,
            "min": 124962.8984375,
            "max": 124962.8984375,
            "count": 1
        },
        "PushBlockCollab.Step.mean": {
            "value": 59968.0,
            "min": 59968.0,
            "max": 59968.0,
            "count": 1
        },
        "PushBlockCollab.Step.sum": {
            "value": 59968.0,
            "min": 59968.0,
            "max": 59968.0,
            "count": 1
        },
        "PushBlockCollab.Policy.ExtrinsicBaselineEstimate.mean": {
            "value": -0.009247367270290852,
            "min": -0.009247367270290852,
            "max": -0.009247367270290852,
            "count": 1
        },
        "PushBlockCollab.Policy.ExtrinsicBaselineEstimate.sum": {
            "value": -8.664783477783203,
            "min": -8.664783477783203,
            "max": -8.664783477783203,
            "count": 1
        },
        "PushBlockCollab.Policy.ExtrinsicValueEstimate.mean": {
            "value": -0.0124167175963521,
            "min": -0.0124167175963521,
            "max": -0.0124167175963521,
            "count": 1
        },
        "PushBlockCollab.Policy.ExtrinsicValueEstimate.sum": {
            "value": -11.634464263916016,
            "min": -11.634464263916016,
            "max": -11.634464263916016,
            "count": 1
        },
        "PushBlockCollab.Losses.PolicyLoss.mean": {
            "value": 0.02538564877333836,
            "min": 0.02538564877333836,
            "max": 0.02538564877333836,
            "count": 1
        },
        "PushBlockCollab.Losses.PolicyLoss.sum": {
            "value": 0.10154259509335344,
            "min": 0.10154259509335344,
            "max": 0.10154259509335344,
            "count": 1
        },
        "PushBlockCollab.Losses.ValueLoss.mean": {
            "value": 0.0018259377790887134,
            "min": 0.0018259377790887134,
            "max": 0.0018259377790887134,
            "count": 1
        },
        "PushBlockCollab.Losses.ValueLoss.sum": {
            "value": 0.0073037511163548535,
            "min": 0.0073037511163548535,
            "max": 0.0073037511163548535,
            "count": 1
        },
        "PushBlockCollab.Losses.BaselineLoss.mean": {
            "value": 0.0018410042852416643,
            "min": 0.0018410042852416643,
            "max": 0.0018410042852416643,
            "count": 1
        },
        "PushBlockCollab.Losses.BaselineLoss.sum": {
            "value": 0.007364017140966657,
            "min": 0.007364017140966657,
            "max": 0.007364017140966657,
            "count": 1
        },
        "PushBlockCollab.Policy.LearningRate.mean": {
            "value": 0.0003,
            "min": 0.0003,
            "max": 0.0003,
            "count": 1
        },
        "PushBlockCollab.Policy.LearningRate.sum": {
            "value": 0.0012,
            "min": 0.0012,
            "max": 0.0012,
            "count": 1
        },
        "PushBlockCollab.Policy.Epsilon.mean": {
            "value": 0.20000000000000004,
            "min": 0.20000000000000004,
            "max": 0.20000000000000004,
            "count": 1
        },
        "PushBlockCollab.Policy.Epsilon.sum": {
            "value": 0.8000000000000002,
            "min": 0.8000000000000002,
            "max": 0.8000000000000002,
            "count": 1
        },
        "PushBlockCollab.Policy.Beta.mean": {
            "value": 0.010000000000000002,
            "min": 0.010000000000000002,
            "max": 0.010000000000000002,
            "count": 1
        },
        "PushBlockCollab.Policy.Beta.sum": {
            "value": 0.04000000000000001,
            "min": 0.04000000000000001,
            "max": 0.04000000000000001,
            "count": 1
        },
        "PushBlockCollab.IsTraining.mean": {
            "value": 1.0,
            "min": 1.0,
            "max": 1.0,
            "count": 1
        },
        "PushBlockCollab.IsTraining.sum": {
            "value": 1.0,
            "min": 1.0,
            "max": 1.0,
            "count": 1
        }
    },
    "metadata": {
        "timer_format_version": "0.1.0",
        "start_time_seconds": "1632951423",
        "python_version": "3.7.9 (tags/v3.7.9:13c94747c7, Aug 17 2020, 18:58:18) [MSC v.1900 64 bit (AMD64)]",
        "command_line_arguments": "D:\\Uni\\BA\\Unity\\ml-agents-main\\Project\\venv\\Scripts\\mlagents-learn config/PushBlockCollab.yaml --run-id=Test1",
        "mlagents_version": "0.27.0",
        "mlagents_envs_version": "0.27.0",
        "communication_protocol_version": "1.5.0",
        "pytorch_version": "1.7.1+cpu",
        "numpy_version": "1.21.2",
        "end_time_seconds": "1632951910"
    },
    "total": 486.6118726,
    "count": 1,
    "self": 0.006309900000019297,
    "children": {
        "run_training.setup": {
            "total": 0.10046999999999995,
            "count": 1,
            "self": 0.10046999999999995
        },
        "TrainerController.start_learning": {
            "total": 486.50509270000003,
            "count": 1,
            "self": 0.025722400000574908,
            "children": {
                "TrainerController._reset_env": {
                    "total": 11.2817138,
                    "count": 1,
                    "self": 11.2817138
                },
                "TrainerController.advance": {
                    "total": 474.8976619999995,
                    "count": 1002,
                    "self": 0.02977669999893351,
                    "children": {
                        "env_step": {
                            "total": 257.38121169999965,
                            "count": 1002,
                            "self": 252.9985185999987,
                            "children": {
                                "SubprocessEnvManager._take_step": {
                                    "total": 4.359762700000328,
                                    "count": 1002,
                                    "self": 0.12224550000025758,
                                    "children": {
                                        "TorchPolicy.evaluate": {
                                            "total": 4.23751720000007,
                                            "count": 1001,
                                            "self": 0.3820775999999544,
                                            "children": {
                                                "TorchPolicy.sample_actions": {
                                                    "total": 3.855439600000116,
                                                    "count": 1001,
                                                    "self": 3.855439600000116
                                                }
                                            }
                                        }
                                    }
                                },
                                "workers": {
                                    "total": 0.022930400000634066,
                                    "count": 1001,
                                    "self": 0.0,
                                    "children": {
                                        "worker_root": {
                                            "total": 472.7705554999985,
                                            "count": 1001,
                                            "is_parallel": true,
                                            "self": 226.5233461999983,
                                            "children": {
                                                "steps_from_proto": {
                                                    "total": 0.053422199999999975,