{"count":1,"self":48.8748672,"total":75.775330099999991,"children":{"InitializeActuators":{"count":24,"self":0.0019914999999999998,"total":0.0019914999999999998,"children":null},"InitializeSensors":{"count":24,"self":0.1322558,"total":0.1322558,"children":null},"AgentSendState":{"count":3404,"self":0.4388738,"total":23.9543081,"children":{"GridSensor.Update":{"count":16344,"self":19.800147199999998,"total":19.8001464,"children":null},"UpdateModelSpacePoses":{"count":16344,"self":0.16981849999999998,"total":0.16981849999999998,"children":null},"UpdateLocalSpacePoses":{"count":16344,"self":0.051194199999999995,"total":0.051194199999999995,"children":null},"CollectObservations":{"count":16344,"self":0.020332299999999998,"total":0.020332299999999998,"children":null},"WriteActionMask":{"count":16344,"self":0.0380541,"total":0.0380541,"children":null},"RequestDecision":{"count":16344,"self":0.35738519999999996,"total":3.4358888,"children":{"GridSensor.GetCompressedObservation":{"count":13620,"self":3.0785036,"total":3.0785036,"children":null}}}}},"DecideAction":{"count":3404,"self":2.1310324,"total":2.3875838,"children":{"GridSensor.Write":{"count":2724,"self":0.2565514,"total":0.2565514,"children":null}}},"AgentAct":{"count":3404,"self":0.24959589999999998,"total":0.24959589999999998,"children":null},"GridSensor.Update":{"count":124,"self":0.1537316,"total":0.1537316,"children":null},"UpdateModelSpacePoses":{"count":124,"self":0.0020044999999999998,"total":0.0020044999999999998,"children":null},"UpdateLocalSpacePoses":{"count":124,"self":0.00094549999999999994,"total":0.00094549999999999994,"children":null},"GridSensor.GetCompressedObservation":{"count":80,"self":0.0170504,"total":0.0170504,"children":null}},"gauges":{"PushBlockCollab.CumulativeReward":{"count":124,"max":0,"min":0,"runningAverage":0,"value":0,"weightedAverage":0}},"metadata":{"timer_format_version":"0.1.0","start_time_seconds":"1641551901","unity_version":"2021.1.22f1","command_line_arguments":"C:\\Program Files\\Unity\\Hub\\Editor\\2021.1.22f1\\Editor\\Unity.exe -projectpath D:\/Uni\/BA\/Unity\/ml-agents-main\/Project -useHub -hubIPC -cloudEnvironment production -hubSessionId 3c2333e0-6e03-11ec-833e-75c7055e981b","communication_protocol_version":"1.5.0","com.unity.ml-agents_version":"2.1.0-exp.1","scene_name":"PBTeasy12","end_time_seconds":"1641551977"}}