{
    "name": "root",
    "metadata": {
        "timer_format_version": "0.1.0",
        "start_time_seconds": "1637070647",
        "python_version": "3.7.9 (tags/v3.7.9:13c94747c7, Aug 17 2020, 18:58:18) [MSC v.1900 64 bit (AMD64)]",
        "command_line_arguments": "D:\\Uni\\BA\\Unity\\ml-agents-main\\Project\\venv\\Scripts\\mlagents-learn config/PushBlockCollab.yaml --run-id=testRun --env=Builds/PushBlockSelfPlayV1",
        "mlagents_version": "0.27.0",
        "mlagents_envs_version": "0.27.0",
        "communication_protocol_version": "1.5.0",
        "pytorch_version": "1.7.1+cpu",
        "numpy_version": "1.21.2",
        "end_time_seconds": "1637070919"
    },
    "total": 272.6986559,
    "count": 1,
    "self": 1.9013235000000464,
    "children": {
        "run_training.setup": {
            "total": 0.5055336,
            "count": 1,
            "self": 0.5055336
        },
        "TrainerController.start_learning": {
            "total": 270.2917988,
            "count": 1,
            "self": 0.19359140000165098,
            "children": {
                "TrainerController._reset_env": {
                    "total": 6.5984387,
                    "count": 1,
                    "self": 6.5984387
                },
                "TrainerController.advance": {
                    "total": 262.23943049999843,
                    "count": 6523,
                    "self": 0.21165949999954137,
                    "children": {
                        "env_step": {
                            "total": 152.22775009999933,
                            "count": 6523,
                            "self": 135.3665562999979,
                            "children": {
                                "SubprocessEnvManager._take_step": {
                                    "total": 16.68589810000033,
                                    "count": 6523,
                                    "self": 0.5618571000015677,
                                    "children": {
                                        "TorchPolicy.evaluate": {
                                            "total": 16.124040999998762,
                                            "count": 6523,
                                            "self": 2.547821099998174,
                                            "children": {
                                                "TorchPolicy.sample_actions": {
                                                    "total": 13.576219900000588,
                                                    "count": 6523,
                                                    "self": 13.576219900000588
                                                }
                                            }
                                        }
                                    }
                                },
                                "workers": {
                                    "total": 0.1752957000010973,
                                    "count": 6522,
                                    "self": 0.0,
                                    "children": {
                                        "worker_root": {
                                            "total": 262.610277800001,
                                            "count": 6522,
                                            "is_parallel": true,
                                            "self": 139.79322950000068,
                                            "children": {
                                                "steps_from_proto": {
                                                    "total": 0.15020420000000012,
                                                    "count": 1,
                                                    "is_parallel": true,
                                                    "self": 0.0004417999999999367,
                                                    "children": {
                                                        "_process_maybe_compressed_observation": {
                                                            "total": 0.12806910000000027,
                                                            "count": 2,
                                                            "is_parallel": true,
                                                            "self": 0.0002665999999997837,
                                                            "children": {
                                                                "_observation_to_np_array": {
                                                                    "total": 0.12780250000000049,
                                                                    "count": 12,
                                                                    "is_parallel": true,
                                                                    "self": 0.0002665000000012796,
                                                                    "children": {
                                                                        "process_pixels": {
                                                                            "total": 0.1275359999999992,
                                                                            "count": 12,
                                                                            "is_parallel": true,
                                                                            "self": 0.0026684000000010144,
                                                                            "children": {
                                                                                "image_decompress": {
                                                                                    "total": 0.12486759999999819,
                                                                                    "count": 36,
                                                                                    "is_parallel": true,
                                                                                    "self": 0.12486759999999819
                                                                                }
                                                                            }
                                                                        }
                                                                    }
                                                                }
                                                            }
                                                        },
                                                        "_process_rank_one_or_two_observation": {
                                                            "total": 0.021693299999999915,
                                                            "count": 2,
                                                            "is_parallel": true,
                                                            "self": 0.021693299999999915
                                                        }
                                                    }
                                                },
                                                "UnityEnvironment.step": {
                                                    "total": 122.66684410000029,
                                                    "count": 6522,
                                                    "is_parallel": true,
                                                    "self": 1.3255312000020467,
                                                    "children": {
                                                        "UnityEnvironment._generate_step_input": {
                                                            "total": 1.652264999999053,
                                                            "count": 6522,
                                                            "is_parallel": true,